filter_name,filter_method,num_samples,num_volunteers,svm_f1,dt_f1,rf_f1
No Filter (Baseline),none,15854,27,0.4526663598651103,0.38264187400924404,0.4538975284477393
Lowpass (5Hz),lowpass,15854,27,0.4749798896674069,0.3965331082425827,0.4574510591233591
Median (k=9),median,15854,27,0.46377081682572957,0.3941140099562268,0.4576325496939683
Median→Lowpass (5Hz),combined,15854,27,0.4677883271651924,0.3975508129449922,0.4660146392148565
Lowpass→Median (k=9),combined,15854,27,0.45736184741197694,0.3951186915776058,0.4516384158374041
Median(k=5) + Lowpass(5Hz),combined,15854,27,0.4698952104249526,0.36520578842728685,0.45480293501574826
Lowpass(5Hz) + Median(k=5),combined,15854,27,0.46957861622628905,0.3774722064754835,0.46870257772682883
