window_size,overlap,overlap_percent,num_samples,svm_f1,dt_f1,rf_f1
120,15,12,31753,0.4501661602839052,0.3728861672356433,0.4461683495863304
120,30,25,15881,0.4417633912885857,0.37626167884012796,0.4436467889341787
120,45,37,10597,0.43663483658999025,0.3686555182599826,0.44093282953230584
120,60,50,7944,0.4331050237351368,0.3849144534279414,0.44014565669779276
120,75,62,6360,0.4253051011993864,0.3700645640468388,0.43484294204643786
