window_size,overlap,overlap_percent,num_samples,svm_f1,dt_f1,rf_f1
75,60,80,7969,0.3980375615439323,0.3503728085074362,0.4244120657983597
90,60,66,7964,0.4131727964220288,0.3657846989152748,0.4300175749014734
105,60,57,7957,0.42394648574543037,0.37800230806409085,0.4397052748782687
120,60,50,7944,0.4331050237351368,0.3719321449802144,0.44014565669779276
135,60,44,7942,0.4367118274814152,0.372607974622141,0.448286006477228
