experiment_name,window_size,overlap,step_size,num_samples,svm_f1,rf_f1,dt_f1
No Filter,170,15,155,31666,0.4725562914665449,0.45743356951996406,0.392496098759508
Lowpass 5Hz,170,15,155,31666,0.48605031855741937,0.4652570361914178,0.38174047763372426
