experiment_name,window_size,overlap,step_size,num_samples,svm_f1,rf_f1,dt_f1
No Filter,170,5,165,94960,0.4811232249592467,0.4564315154420868,0.3953098608058326
Lowpass 5Hz,170,5,165,94960,0.48112067475428655,0.46384367965438034,0.38772066039352215
