filter_name,filter_method,num_samples,num_volunteers,svm_f1,dt_f1,rf_f1
No Filter (Baseline),none,15854,27,0.4526663598651103,0.38269012184851314,0.4538975284477393
Median (k=9),median,15854,27,0.46377081682572957,0.38607119924415606,0.4576325496939683
Lowpass (3Hz),lowpass,15854,27,0.4688651079884684,0.4014527747236639,0.45609009982850185
Lowpass (4Hz),lowpass,15854,27,0.4723309066490392,0.4147299495966457,0.4619580173222804
Lowpass (5Hz),lowpass,15854,27,0.4749798896674069,0.38874465817580317,0.4574510591233591
Lowpass (6Hz),lowpass,15854,27,0.4618341255545323,0.38777521496900036,0.4588438052614828
